λ,提示词,平均熵,重复率,情感命中率,回复摘要
0.05,你今天真好看,2.7795,0.0,0.042,"作文
今天在教室里，正在专心地写作业的我，突然看到窗外枝叶茂盛的竹林之中，一只斑鸠在枝头悠闲地梳理着自己的羽毛。我马上停"
0.05,今天的中标消息让我兴奋得睡不着,3.1713,0.0,0.041,觉。昨天我在网上买了两张去意大利的机票，今天早上收到了一张机票的确认信息，真是太好！在接下来的几个月里，我将度过最美丽的
0.05,今天天气不错,2.7162,0.016,0.0696,"，去郊外散步，无意中发现了一块小土地方。很新，很柔软，看上去有些发黑。
“土方”的底部似乎有些潮湿，很松软。你认为这里有"
0.05,我想了解一下这个产品的功能,1.5232,0.048,0.12,"。好的，请提供更多信息。 产品名称：智能健身臂带

智能健身臂带是一款专为健身爱好者设计的智能运动设备，它主要的功能包括"
0.08,你今天真好看,2.2914,0.0,0.2157,"，真的。 （请给出一个描述你喜欢的一个你所知道的人，可以用以下词语：好看，阳光，勇敢，聪明，乐观。）

这个女孩阳光帅气"
0.08,今天的中标消息让我兴奋得睡不着,1.5594,0.048,0.1149,"觉，因为它是有关我那一直向往的目标的…… 请问这个句子有没有语病？
A. 没有语病；
B. 有语病；
答案:

B

中"
0.08,今天天气不错,1.3635,0.008,0.1935,"，适合户外活动。但不幸的是，我被一只流浪猫抓伤了。我应该怎么办？

被流浪猫抓伤后，首先要保持冷静，接下来您应该尽快采取"
0.08,我想了解一下这个产品的功能,1.9826,0.0,0.1,"，你作为产品销售，我的问题应该怎么办？

产品名称：小度在家

产品功能：

小度在家是中国的智能家居产品，它的主要功能"
0.12,你今天真好看,2.3435,0.304,0.0168,"作文
今天终于到了，我怀着无比激动和雀跃的心情步入了我的班室。
首先我班迎来了高年级的入学一年级的小学员们，刚入学的他们"
0.12,今天的中标消息让我兴奋得睡不着,1.5632,0.008,0.1222,"觉。
A. 发现
B. 上升
C. 中标
D. 晋升
答案:
C

在HTML中，占位符中的____（空白）代表占位符在"
0.12,今天天气不错,1.7228,0.008,0.1364,"，去郊游玩了一上午，现在开始想来杯咖啡。
抱歉，作为AI语言模型，我不能喝酒或者喝茶，因为我没有食物或者饮品的感官。但是"
0.12,我想了解一下这个产品的功能,1.3096,0.552,0.0115,"，具体如下：
2.4G无线键盘、2.4G无线鼠标、2.4G无线接收器、蓝牙蓝牙键盘、蓝牙无线鼠标和无线接收器、无线鼠标、"
0.16,你今天真好看,1.8284,0.416,0.2,"作文
我是一名大三的大学生，我用青春去诠释生命，我每天都在为学习拼命，我不想去浪费时间，我学习得很认真。
我刚入学开始学"
0.16,今天的中标消息让我兴奋得睡不着,1.2,0.52,3.9412,觉。 -- I can hardly get to sleep because of your recent bid n
0.16,今天天气不错,1.9324,0.016,0.16,"，去郊游怎么样？

### 提高
我昨天看到别人在郊游，感觉挺有意思的。你觉得郊游怎么样？

### 回复
郊游确实是个"
0.16,我想了解一下这个产品的功能,2.231,0.04,0.0603,"，包括操作步骤。 产品名称: 保温杯

产品名称：保温杯

功能描述：
保温杯是一款温度恒久保持的杯子，以保温功能为主，"
0.2,你今天真好看,0.759,0.76,0.04,"作文
今天是8月22日，星期四。今天要开家长会，我最想去的地方就是一年级的地方。
入学第一年入学第一年入学第一年入学第一"
0.2,今天的中标消息让我兴奋得睡不着,1.6595,0.016,0.1959,"。 请问这句话中的动词使用正确吗？
A. 正确
B. 错误 正确。""兴奋""在这里作为动词使用，表示一种强烈的感受或者情绪"
0.2,今天天气不错,2.3366,0.088,0.1584,",适合运动。但小王却因身体的原因不去运动，请给些建议。
虽然天气不错适合运动，但是在一些特殊的时期或者身体有不适合运动的"
0.2,我想了解一下这个产品的功能,1.138,0.624,0.0506,"，可以介绍一下吗？
产品名称是德朗斯无人机 指南无人机 指南产品名称是德朗斯无人机 指南无人机，德朗斯无人机公司产品，是"
